,message,iter,pods
0,This is a test with 32 processes,0,32
1,This is a test with 32 processes,1,32
2,This is a test with 32 processes,2,32
3,This is a test with 32 processes,3,32
4,This is a test with 32 processes,4,32
5,This is a test with 32 processes,5,32
6,This is a test with 32 processes,6,32
7,This is a test with 32 processes,7,32
8,This is a test with 32 processes,8,32
9,This is a test with 32 processes,9,32
10,This is a test with 32 processes,10,32
11,This is a test with 32 processes,11,32
12,This is a test with 64 processes,0,64
13,This is a test with 64 processes,1,64
14,This is a test with 64 processes,2,64
15,This is a test with 64 processes,3,64
16,This is a test with 64 processes,4,64
17,This is a test with 64 processes,5,64
18,This is a test with 64 processes,6,64
19,This is a test with 64 processes,7,64
20,This is a test with 64 processes,8,64
21,This is a test with 64 processes,9,64
22,This is a test with 64 processes,10,64
23,This is a test with 64 processes,11,64
24,This is a test with 8 processes,0,8
25,This is a test with 8 processes,1,8
26,This is a test with 8 processes,2,8
27,This is a test with 8 processes,3,8
28,This is a test with 8 processes,4,8
29,This is a test with 8 processes,5,8
30,This is a test with 8 processes,6,8
31,This is a test with 8 processes,7,8
32,This is a test with 8 processes,8,8
33,This is a test with 8 processes,9,8
34,This is a test with 8 processes,10,8
35,This is a test with 8 processes,11,8
36,This is a test with 4 processes,0,4
37,This is a test with 4 processes,1,4
38,This is a test with 4 processes,2,4
39,This is a test with 4 processes,3,4
40,This is a test with 4 processes,4,4
41,This is a test with 4 processes,5,4
42,This is a test with 4 processes,6,4
43,This is a test with 4 processes,7,4
44,This is a test with 4 processes,8,4
45,This is a test with 4 processes,9,4
46,This is a test with 4 processes,10,4
47,This is a test with 4 processes,11,4
48,This is a test with 16 processes,0,16
49,This is a test with 16 processes,1,16
50,This is a test with 16 processes,2,16
51,This is a test with 16 processes,3,16
52,This is a test with 16 processes,4,16
53,This is a test with 16 processes,5,16
54,This is a test with 16 processes,6,16
55,This is a test with 16 processes,7,16
56,This is a test with 16 processes,8,16
57,This is a test with 16 processes,9,16
58,This is a test with 16 processes,10,16
59,This is a test with 16 processes,11,16
