,message,nodes
0,This is a test with 4 processes,4
1,This is a test with 4 processes,4
2,This is a test with 4 processes,4
3,This is a test with 4 processes,4
4,This is a test with 4 processes,4
5,This is a test with 4 processes,4
6,This is a test with 4 processes,4
7,This is a test with 4 processes,4
8,This is a test with 4 processes,4
9,This is a test with 4 processes,4
10,This is a test with 4 processes,4
11,This is a test with 4 processes,4
12,This is a test with 4 processes,4
13,This is a test with 4 processes,4
14,This is a test with 4 processes,4
15,This is a test with 4 processes,4
16,This is a test with 4 processes,4
17,This is a test with 4 processes,4
18,This is a test with 4 processes,4
19,This is a test with 4 processes,4
20,This is a test with 128 processes,128
21,This is a test with 128 processes,128
22,This is a test with 128 processes,128
23,This is a test with 128 processes,128
24,This is a test with 128 processes,128
25,This is a test with 128 processes,128
26,This is a test with 128 processes,128
27,This is a test with 128 processes,128
28,This is a test with 128 processes,128
29,This is a test with 128 processes,128
30,This is a test with 128 processes,128
31,This is a test with 128 processes,128
32,This is a test with 128 processes,128
33,This is a test with 128 processes,128
34,This is a test with 128 processes,128
35,This is a test with 128 processes,128
36,This is a test with 128 processes,128
37,This is a test with 128 processes,128
38,This is a test with 128 processes,128
39,This is a test with 128 processes,128
40,This is a test with 8 processes,8
41,This is a test with 8 processes,8
42,This is a test with 8 processes,8
43,This is a test with 8 processes,8
44,This is a test with 8 processes,8
45,This is a test with 8 processes,8
46,This is a test with 8 processes,8
47,This is a test with 8 processes,8
48,This is a test with 8 processes,8
49,This is a test with 8 processes,8
50,This is a test with 8 processes,8
51,This is a test with 8 processes,8
52,This is a test with 8 processes,8
53,This is a test with 8 processes,8
54,This is a test with 8 processes,8
55,This is a test with 8 processes,8
56,This is a test with 8 processes,8
57,This is a test with 8 processes,8
58,This is a test with 8 processes,8
59,This is a test with 8 processes,8
60,This is a test with 32 processes,32
61,This is a test with 32 processes,32
62,This is a test with 32 processes,32
63,This is a test with 32 processes,32
64,This is a test with 32 processes,32
65,This is a test with 32 processes,32
66,This is a test with 32 processes,32
67,This is a test with 32 processes,32
68,This is a test with 32 processes,32
69,This is a test with 32 processes,32
70,This is a test with 32 processes,32
71,This is a test with 32 processes,32
72,This is a test with 32 processes,32
73,This is a test with 32 processes,32
74,This is a test with 32 processes,32
75,This is a test with 32 processes,32
76,This is a test with 32 processes,32
77,This is a test with 32 processes,32
78,This is a test with 32 processes,32
79,This is a test with 32 processes,32
80,This is a test with 16 processes,16
81,This is a test with 16 processes,16
82,This is a test with 16 processes,16
83,This is a test with 16 processes,16
84,This is a test with 16 processes,16
85,This is a test with 16 processes,16
86,This is a test with 16 processes,16
87,This is a test with 16 processes,16
88,This is a test with 16 processes,16
89,This is a test with 16 processes,16
90,This is a test with 16 processes,16
91,This is a test with 16 processes,16
92,This is a test with 16 processes,16
93,This is a test with 16 processes,16
94,This is a test with 16 processes,16
95,This is a test with 16 processes,16
96,This is a test with 16 processes,16
97,This is a test with 16 processes,16
98,This is a test with 16 processes,16
99,This is a test with 16 processes,16
100,This is a test with 64 processes,64
101,This is a test with 64 processes,64
102,This is a test with 64 processes,64
103,This is a test with 64 processes,64
104,This is a test with 64 processes,64
105,This is a test with 64 processes,64
106,This is a test with 64 processes,64
107,This is a test with 64 processes,64
108,This is a test with 64 processes,64
109,This is a test with 64 processes,64
110,This is a test with 64 processes,64
111,This is a test with 64 processes,64
112,This is a test with 64 processes,64
113,This is a test with 64 processes,64
114,This is a test with 64 processes,64
115,This is a test with 64 processes,64
116,This is a test with 64 processes,64
117,This is a test with 64 processes,64
118,This is a test with 64 processes,64
119,This is a test with 64 processes,64
